"filename", "language", "JSON", "C++", "CMake", "HTML", "XML", "Properties", "Dart", "Swift", "YAML", "Markdown", "comment", "blank", "total"
"c:\Users\yazee\OneDrive\Desktop\GP2\greenlens\README.md", "Markdown", 0, 0, 0, 0, 0, 0, 0, 0, 0, 1, 0, 1, 2
"c:\Users\yazee\OneDrive\Desktop\GP2\greenlens\analysis_options.yaml", "YAML", 0, 0, 0, 0, 0, 0, 0, 0, 3, 0, 22, 4, 29
"c:\Users\yazee\OneDrive\Desktop\GP2\greenlens\android\app\google-services.json", "JSON", 29, 0, 0, 0, 0, 0, 0, 0, 0, 0, 0, 0, 29
"c:\Users\yazee\OneDrive\Desktop\GP2\greenlens\android\app\src\debug\AndroidManifest.xml", "XML", 0, 0, 0, 0, 3, 0, 0, 0, 0, 0, 4, 1, 8
"c:\Users\yazee\OneDrive\Desktop\GP2\greenlens\android\app\src\main\AndroidManifest.xml", "XML", 0, 0, 0, 0, 34, 0, 0, 0, 0, 0, 11, 1, 46
"c:\Users\yazee\OneDrive\Desktop\GP2\greenlens\android\app\src\main\res\drawable-v21\launch_background.xml", "XML", 0, 0, 0, 0, 4, 0, 0, 0, 0, 0, 7, 2, 13
"c:\Users\yazee\OneDrive\Desktop\GP2\greenlens\android\app\src\main\res\drawable\launch_background.xml", "XML", 0, 0, 0, 0, 4, 0, 0, 0, 0, 0, 7, 2, 13
"c:\Users\yazee\OneDrive\Desktop\GP2\greenlens\android\app\src\main\res\values-night\styles.xml", "XML", 0, 0, 0, 0, 9, 0, 0, 0, 0, 0, 9, 1, 19
"c:\Users\yazee\OneDrive\Desktop\GP2\greenlens\android\app\src\main\res\values\styles.xml", "XML", 0, 0, 0, 0, 9, 0, 0, 0, 0, 0, 9, 1, 19
"c:\Users\yazee\OneDrive\Desktop\GP2\greenlens\android\app\src\profile\AndroidManifest.xml", "XML", 0, 0, 0, 0, 3, 0, 0, 0, 0, 0, 4, 1, 8
"c:\Users\yazee\OneDrive\Desktop\GP2\greenlens\android\gradle.properties", "Properties", 0, 0, 0, 0, 0, 3, 0, 0, 0, 0, 0, 1, 4
"c:\Users\yazee\OneDrive\Desktop\GP2\greenlens\android\gradle\wrapper\gradle-wrapper.properties", "Properties", 0, 0, 0, 0, 0, 5, 0, 0, 0, 0, 0, 1, 6
"c:\Users\yazee\OneDrive\Desktop\GP2\greenlens\assets\images\Add.svg", "XML", 0, 0, 0, 0, 3, 0, 0, 0, 0, 0, 0, 1, 4
"c:\Users\yazee\OneDrive\Desktop\GP2\greenlens\assets\images\Down 4.svg", "XML", 0, 0, 0, 0, 3, 0, 0, 0, 0, 0, 0, 1, 4
"c:\Users\yazee\OneDrive\Desktop\GP2\greenlens\assets\images\GenrateChart.svg", "XML", 0, 0, 0, 0, 3, 0, 0, 0, 0, 0, 0, 1, 4
"c:\Users\yazee\OneDrive\Desktop\GP2\greenlens\assets\images\GreenLensLogo.svg", "XML", 0, 0, 0, 0, 23, 0, 0, 0, 0, 0, 0, 1, 24
"c:\Users\yazee\OneDrive\Desktop\GP2\greenlens\assets\images\Left Arrow.svg", "XML", 0, 0, 0, 0, 3, 0, 0, 0, 0, 0, 0, 1, 4
"c:\Users\yazee\OneDrive\Desktop\GP2\greenlens\assets\images\Minus.svg", "XML", 0, 0, 0, 0, 3, 0, 0, 0, 0, 0, 0, 1, 4
"c:\Users\yazee\OneDrive\Desktop\GP2\greenlens\assets\images\Opertaional.svg", "XML", 0, 0, 0, 0, 3, 0, 0, 0, 0, 0, 0, 1, 4
"c:\Users\yazee\OneDrive\Desktop\GP2\greenlens\assets\images\Profile Add 1.svg", "XML", 0, 0, 0, 0, 3, 0, 0, 0, 0, 0, 0, 1, 4
"c:\Users\yazee\OneDrive\Desktop\GP2\greenlens\assets\images\Rotate Left.svg", "XML", 0, 0, 0, 0, 3, 0, 0, 0, 0, 0, 0, 1, 4
"c:\Users\yazee\OneDrive\Desktop\GP2\greenlens\assets\images\Tick.svg", "XML", 0, 0, 0, 0, 3, 0, 0, 0, 0, 0, 0, 1, 4
"c:\Users\yazee\OneDrive\Desktop\GP2\greenlens\assets\images\arrowright.svg", "XML", 0, 0, 0, 0, 3, 0, 0, 0, 0, 0, 0, 1, 4
"c:\Users\yazee\OneDrive\Desktop\GP2\greenlens\firebase.json", "JSON", 1, 0, 0, 0, 0, 0, 0, 0, 0, 0, 0, 0, 1
"c:\Users\yazee\OneDrive\Desktop\GP2\greenlens\ios\RunnerTests\RunnerTests.swift", "Swift", 0, 0, 0, 0, 0, 0, 0, 7, 0, 0, 2, 4, 13
"c:\Users\yazee\OneDrive\Desktop\GP2\greenlens\ios\Runner\AppDelegate.swift", "Swift", 0, 0, 0, 0, 0, 0, 0, 12, 0, 0, 0, 2, 14
"c:\Users\yazee\OneDrive\Desktop\GP2\greenlens\ios\Runner\Assets.xcassets\AppIcon.appiconset\Contents.json", "JSON", 122, 0, 0, 0, 0, 0, 0, 0, 0, 0, 0, 1, 123
"c:\Users\yazee\OneDrive\Desktop\GP2\greenlens\ios\Runner\Assets.xcassets\LaunchImage.imageset\Contents.json", "JSON", 23, 0, 0, 0, 0, 0, 0, 0, 0, 0, 0, 1, 24
"c:\Users\yazee\OneDrive\Desktop\GP2\greenlens\ios\Runner\Assets.xcassets\LaunchImage.imageset\README.md", "Markdown", 0, 0, 0, 0, 0, 0, 0, 0, 0, 3, 0, 2, 5
"c:\Users\yazee\OneDrive\Desktop\GP2\greenlens\ios\Runner\Base.lproj\LaunchScreen.storyboard", "XML", 0, 0, 0, 0, 36, 0, 0, 0, 0, 0, 1, 1, 38
"c:\Users\yazee\OneDrive\Desktop\GP2\greenlens\ios\Runner\Base.lproj\Main.storyboard", "XML", 0, 0, 0, 0, 25, 0, 0, 0, 0, 0, 1, 1, 27
"c:\Users\yazee\OneDrive\Desktop\GP2\greenlens\ios\Runner\Runner-Bridging-Header.h", "C++", 0, 1, 0, 0, 0, 0, 0, 0, 0, 0, 0, 1, 2
"c:\Users\yazee\OneDrive\Desktop\GP2\greenlens\lib\authentication\sign_in.dart", "Dart", 0, 0, 0, 0, 0, 0, 224, 0, 0, 0, 7, 17, 248
"c:\Users\yazee\OneDrive\Desktop\GP2\greenlens\lib\authentication\sign_up.dart", "Dart", 0, 0, 0, 0, 0, 0, 333, 0, 0, 0, 11, 21, 365
"c:\Users\yazee\OneDrive\Desktop\GP2\greenlens\lib\authentication\user_model.dart", "Dart", 0, 0, 0, 0, 0, 0, 42, 0, 0, 0, 3, 7, 52
"c:\Users\yazee\OneDrive\Desktop\GP2\greenlens\lib\ceo_pages\ceo_dashboard.dart", "Dart", 0, 0, 0, 0, 0, 0, 164, 0, 0, 0, 6, 4, 174
"c:\Users\yazee\OneDrive\Desktop\GP2\greenlens\lib\engineer_pages\building_page.dart", "Dart", 0, 0, 0, 0, 0, 0, 99, 0, 0, 0, 14, 8, 121
"c:\Users\yazee\OneDrive\Desktop\GP2\greenlens\lib\engineer_pages\engineer_dashboard.dart", "Dart", 0, 0, 0, 0, 0, 0, 179, 0, 0, 0, 5, 4, 188
"c:\Users\yazee\OneDrive\Desktop\GP2\greenlens\lib\engineer_pages\project_page.dart", "Dart", 0, 0, 0, 0, 0, 0, 298, 0, 0, 0, 6, 5, 309
"c:\Users\yazee\OneDrive\Desktop\GP2\greenlens\lib\engineer_pages\shared_files\navbar_eng.dart", "Dart", 0, 0, 0, 0, 0, 0, 147, 0, 0, 0, 4, 17, 168
"c:\Users\yazee\OneDrive\Desktop\GP2\greenlens\lib\engineer_pages\shared_files\navbar_eng_title.dart", "Dart", 0, 0, 0, 0, 0, 0, 24, 0, 0, 0, 0, 3, 27
"c:\Users\yazee\OneDrive\Desktop\GP2\greenlens\lib\firebase\auth_service.dart", "Dart", 0, 0, 0, 0, 0, 0, 67, 0, 0, 0, 10, 12, 89
"c:\Users\yazee\OneDrive\Desktop\GP2\greenlens\lib\firebase\firebase_options.dart", "Dart", 0, 0, 0, 0, 0, 0, 59, 0, 0, 0, 12, 5, 76
"c:\Users\yazee\OneDrive\Desktop\GP2\greenlens\lib\main.dart", "Dart", 0, 0, 0, 0, 0, 0, 56, 0, 0, 0, 20, 6, 82
"c:\Users\yazee\OneDrive\Desktop\GP2\greenlens\lib\projects_template.dart", "Dart", 0, 0, 0, 0, 0, 0, 100, 0, 0, 0, 1, 7, 108
"c:\Users\yazee\OneDrive\Desktop\GP2\greenlens\lib\section_head_pages\allcontact_page.dart", "Dart", 0, 0, 0, 0, 0, 0, 232, 0, 0, 0, 4, 3, 239
"c:\Users\yazee\OneDrive\Desktop\GP2\greenlens\lib\section_head_pages\assign_eng_body.dart", "Dart", 0, 0, 0, 0, 0, 0, 197, 0, 0, 0, 3, 14, 214
"c:\Users\yazee\OneDrive\Desktop\GP2\greenlens\lib\section_head_pages\bills_body.dart", "Dart", 0, 0, 0, 0, 0, 0, 216, 0, 0, 0, 0, 7, 223
"c:\Users\yazee\OneDrive\Desktop\GP2\greenlens\lib\section_head_pages\client_info_body.dart", "Dart", 0, 0, 0, 0, 0, 0, 235, 0, 0, 0, 12, 21, 268
"c:\Users\yazee\OneDrive\Desktop\GP2\greenlens\lib\section_head_pages\contact_info_forums.dart", "Dart", 0, 0, 0, 0, 0, 0, 366, 0, 0, 0, 0, 5, 371
"c:\Users\yazee\OneDrive\Desktop\GP2\greenlens\lib\section_head_pages\cost_body.dart", "Dart", 0, 0, 0, 0, 0, 0, 247, 0, 0, 0, 7, 5, 259
"c:\Users\yazee\OneDrive\Desktop\GP2\greenlens\lib\section_head_pages\create_new_project_flow.dart", "Dart", 0, 0, 0, 0, 0, 0, 89, 0, 0, 0, 0, 10, 99
"c:\Users\yazee\OneDrive\Desktop\GP2\greenlens\lib\section_head_pages\more_contacts.dart", "Dart", 0, 0, 0, 0, 0, 0, 162, 0, 0, 0, 0, 4, 166
"c:\Users\yazee\OneDrive\Desktop\GP2\greenlens\lib\section_head_pages\project_info_body.dart", "Dart", 0, 0, 0, 0, 0, 0, 531, 0, 0, 0, 8, 7, 546
"c:\Users\yazee\OneDrive\Desktop\GP2\greenlens\lib\section_head_pages\review_body.dart", "Dart", 0, 0, 0, 0, 0, 0, 579, 0, 0, 0, 4, 5, 588
"c:\Users\yazee\OneDrive\Desktop\GP2\greenlens\lib\section_head_pages\section_head_dashboard.dart", "Dart", 0, 0, 0, 0, 0, 0, 277, 0, 0, 0, 9, 7, 293
"c:\Users\yazee\OneDrive\Desktop\GP2\greenlens\lib\section_head_pages\shared_files\fotter.dart", "Dart", 0, 0, 0, 0, 0, 0, 128, 0, 0, 0, 4, 9, 141
"c:\Users\yazee\OneDrive\Desktop\GP2\greenlens\lib\section_head_pages\shared_files\nav_bar.dart", "Dart", 0, 0, 0, 0, 0, 0, 146, 0, 0, 0, 4, 17, 167
"c:\Users\yazee\OneDrive\Desktop\GP2\greenlens\lib\section_head_pages\shared_files\navbar_title.dart", "Dart", 0, 0, 0, 0, 0, 0, 24, 0, 0, 0, 0, 3, 27
"c:\Users\yazee\OneDrive\Desktop\GP2\greenlens\lib\shared_files\background.dart", "Dart", 0, 0, 0, 0, 0, 0, 154, 0, 0, 0, 9, 22, 185
"c:\Users\yazee\OneDrive\Desktop\GP2\greenlens\lib\shared_files\custom_app_bar.dart", "Dart", 0, 0, 0, 0, 0, 0, 37, 0, 0, 0, 0, 2, 39
"c:\Users\yazee\OneDrive\Desktop\GP2\greenlens\lib\test.dart", "Dart", 0, 0, 0, 0, 0, 0, 0, 0, 0, 0, 28, 0, 28
"c:\Users\yazee\OneDrive\Desktop\GP2\greenlens\linux\CMakeLists.txt", "CMake", 0, 0, 104, 0, 0, 0, 0, 0, 0, 0, 0, 25, 129
"c:\Users\yazee\OneDrive\Desktop\GP2\greenlens\linux\flutter\CMakeLists.txt", "CMake", 0, 0, 79, 0, 0, 0, 0, 0, 0, 0, 0, 10, 89
"c:\Users\yazee\OneDrive\Desktop\GP2\greenlens\linux\flutter\generated_plugin_registrant.cc", "C++", 0, 3, 0, 0, 0, 0, 0, 0, 0, 0, 4, 5, 12
"c:\Users\yazee\OneDrive\Desktop\GP2\greenlens\linux\flutter\generated_plugin_registrant.h", "C++", 0, 5, 0, 0, 0, 0, 0, 0, 0, 0, 5, 6, 16
"c:\Users\yazee\OneDrive\Desktop\GP2\greenlens\linux\flutter\generated_plugins.cmake", "CMake", 0, 0, 19, 0, 0, 0, 0, 0, 0, 0, 0, 6, 25
"c:\Users\yazee\OneDrive\Desktop\GP2\greenlens\linux\runner\CMakeLists.txt", "CMake", 0, 0, 21, 0, 0, 0, 0, 0, 0, 0, 0, 6, 27
"c:\Users\yazee\OneDrive\Desktop\GP2\greenlens\linux\runner\main.cc", "C++", 0, 5, 0, 0, 0, 0, 0, 0, 0, 0, 0, 2, 7
"c:\Users\yazee\OneDrive\Desktop\GP2\greenlens\linux\runner\my_application.cc", "C++", 0, 83, 0, 0, 0, 0, 0, 0, 0, 0, 21, 27, 131
"c:\Users\yazee\OneDrive\Desktop\GP2\greenlens\linux\runner\my_application.h", "C++", 0, 7, 0, 0, 0, 0, 0, 0, 0, 0, 7, 5, 19
"c:\Users\yazee\OneDrive\Desktop\GP2\greenlens\macos\Flutter\GeneratedPluginRegistrant.swift", "Swift", 0, 0, 0, 0, 0, 0, 0, 10, 0, 0, 3, 4, 17
"c:\Users\yazee\OneDrive\Desktop\GP2\greenlens\macos\RunnerTests\RunnerTests.swift", "Swift", 0, 0, 0, 0, 0, 0, 0, 7, 0, 0, 2, 4, 13
"c:\Users\yazee\OneDrive\Desktop\GP2\greenlens\macos\Runner\AppDelegate.swift", "Swift", 0, 0, 0, 0, 0, 0, 0, 11, 0, 0, 0, 3, 14
"c:\Users\yazee\OneDrive\Desktop\GP2\greenlens\macos\Runner\Assets.xcassets\AppIcon.appiconset\Contents.json", "JSON", 68, 0, 0, 0, 0, 0, 0, 0, 0, 0, 0, 1, 69
"c:\Users\yazee\OneDrive\Desktop\GP2\greenlens\macos\Runner\Base.lproj\MainMenu.xib", "XML", 0, 0, 0, 0, 343, 0, 0, 0, 0, 0, 0, 1, 344
"c:\Users\yazee\OneDrive\Desktop\GP2\greenlens\macos\Runner\MainFlutterWindow.swift", "Swift", 0, 0, 0, 0, 0, 0, 0, 12, 0, 0, 0, 4, 16
"c:\Users\yazee\OneDrive\Desktop\GP2\greenlens\pubspec.yaml", "YAML", 0, 0, 0, 0, 0, 0, 0, 0, 34, 0, 57, 15, 106
"c:\Users\yazee\OneDrive\Desktop\GP2\greenlens\test\widget_test.dart", "Dart", 0, 0, 0, 0, 0, 0, 14, 0, 0, 0, 10, 7, 31
"c:\Users\yazee\OneDrive\Desktop\GP2\greenlens\web\index.html", "HTML", 0, 0, 0, 19, 0, 0, 0, 0, 0, 0, 15, 5, 39
"c:\Users\yazee\OneDrive\Desktop\GP2\greenlens\web\manifest.json", "JSON", 35, 0, 0, 0, 0, 0, 0, 0, 0, 0, 0, 1, 36
"c:\Users\yazee\OneDrive\Desktop\GP2\greenlens\windows\CMakeLists.txt", "CMake", 0, 0, 89, 0, 0, 0, 0, 0, 0, 0, 0, 20, 109
"c:\Users\yazee\OneDrive\Desktop\GP2\greenlens\windows\flutter\CMakeLists.txt", "CMake", 0, 0, 98, 0, 0, 0, 0, 0, 0, 0, 0, 12, 110
"c:\Users\yazee\OneDrive\Desktop\GP2\greenlens\windows\flutter\generated_plugin_registrant.cc", "C++", 0, 12, 0, 0, 0, 0, 0, 0, 0, 0, 4, 5, 21
"c:\Users\yazee\OneDrive\Desktop\GP2\greenlens\windows\flutter\generated_plugin_registrant.h", "C++", 0, 5, 0, 0, 0, 0, 0, 0, 0, 0, 5, 6, 16
"c:\Users\yazee\OneDrive\Desktop\GP2\greenlens\windows\flutter\generated_plugins.cmake", "CMake", 0, 0, 22, 0, 0, 0, 0, 0, 0, 0, 0, 6, 28
"c:\Users\yazee\OneDrive\Desktop\GP2\greenlens\windows\runner\CMakeLists.txt", "CMake", 0, 0, 34, 0, 0, 0, 0, 0, 0, 0, 0, 7, 41
"c:\Users\yazee\OneDrive\Desktop\GP2\greenlens\windows\runner\flutter_window.cpp", "C++", 0, 49, 0, 0, 0, 0, 0, 0, 0, 0, 7, 16, 72
"c:\Users\yazee\OneDrive\Desktop\GP2\greenlens\windows\runner\flutter_window.h", "C++", 0, 20, 0, 0, 0, 0, 0, 0, 0, 0, 5, 9, 34
"c:\Users\yazee\OneDrive\Desktop\GP2\greenlens\windows\runner\main.cpp", "C++", 0, 30, 0, 0, 0, 0, 0, 0, 0, 0, 4, 10, 44
"c:\Users\yazee\OneDrive\Desktop\GP2\greenlens\windows\runner\resource.h", "C++", 0, 9, 0, 0, 0, 0, 0, 0, 0, 0, 6, 2, 17
"c:\Users\yazee\OneDrive\Desktop\GP2\greenlens\windows\runner\utils.cpp", "C++", 0, 54, 0, 0, 0, 0, 0, 0, 0, 0, 2, 10, 66
"c:\Users\yazee\OneDrive\Desktop\GP2\greenlens\windows\runner\utils.h", "C++", 0, 8, 0, 0, 0, 0, 0, 0, 0, 0, 6, 6, 20
"c:\Users\yazee\OneDrive\Desktop\GP2\greenlens\windows\runner\win32_window.cpp", "C++", 0, 210, 0, 0, 0, 0, 0, 0, 0, 0, 24, 55, 289
"c:\Users\yazee\OneDrive\Desktop\GP2\greenlens\windows\runner\win32_window.h", "C++", 0, 48, 0, 0, 0, 0, 0, 0, 0, 0, 31, 24, 103
"Total", "-", 278, 549, 466, 19, 523, 8, 5426, 59, 37, 4, 486, 622, 8477